{"train_rmse":12.556779861450195,"_step":5,"iteration":200,"RMSE":5.92271365062542,"_timestamp":1.7627245116398294e+09,"train_loss":1.800963861129529,"R2":-0.08260154724121094,"val_rmse":5.922713756561279,"_wandb":{"runtime":452},"learning_rate":1.3960823391754318e-05,"checkpoint_path":"/storage/bln-aq/analysis-modeling/wandb-experiments/wandb-checkpoint-cache/jumping-sweep-152_final.pt","_runtime":452}