{"_wandb":{"runtime":1000},"RMSE":6.0621133268077845,"_runtime":1000,"iteration":200,"train_loss":1.4928800339320702,"learning_rate":1.0136641871309934e-05,"_step":5,"_timestamp":1.7626871926293163e+09,"val_rmse":6.062113285064697,"R2":-0.13416242599487305,"train_rmse":12.633537292480469,"checkpoint_path":"/storage/bln-aq/analysis-modeling/wandb-experiments/wandb-checkpoint-cache/jumping-sweep-94_final.pt"}