{"_timestamp":1.7626515517349832e+09,"learning_rate":0.001052453572136818,"train_loss":1.4190141004788381,"checkpoint_path":"/storage/bln-aq/analysis-modeling/wandb-experiments/wandb-checkpoint-cache/grateful-sweep-51_final.pt","RMSE":6.05532853209401,"train_rmse":12.628447532653809,"_runtime":411,"iteration":200,"val_rmse":6.055328369140625,"R2":-0.13162505626678467,"_step":5,"_wandb":{"runtime":411}}