{"_step":5,"RMSE":6.068897136314956,"learning_rate":5.3903250722873875e-05,"R2":-0.13670217990875244,"train_loss":1.5186295478052707,"_wandb":{"runtime":614},"_timestamp":1.7626511292455297e+09,"iteration":200,"val_rmse":6.068897247314453,"train_rmse":12.6373872756958,"checkpoint_path":"/storage/bln-aq/analysis-modeling/wandb-experiments/wandb-checkpoint-cache/amber-sweep-50_final.pt","_runtime":614}