{"_step":5,"RMSE":6.062382018524186,"learning_rate":6.523569840043026e-05,"train_loss":1.4252999871526169,"R2":-0.13426291942596436,"train_rmse":12.63373851776123,"val_rmse":6.062382221221924,"_runtime":685,"_timestamp":1.7627039915476828e+09,"iteration":200,"_wandb":{"runtime":685},"checkpoint_path":"/storage/bln-aq/analysis-modeling/wandb-experiments/wandb-checkpoint-cache/floral-sweep-123_final.pt"}