{"_step":5,"learning_rate":0.0003675587181767987,"checkpoint_path":"/storage/bln-aq/analysis-modeling/wandb-experiments/wandb-checkpoint-cache/hardy-sweep-89_final.pt","R2":-0.13359284400939941,"train_loss":1.4190046156826868,"train_rmse":12.632396697998047,"_timestamp":1.7626828137338204e+09,"val_rmse":6.060591220855713,"RMSE":6.060591249736837,"_wandb":{"runtime":1000},"iteration":200,"_runtime":1000}