{"_step":201,"train_loss":1.4287337064743042,"RMSE":6.356448238135945,"R2":-0.15167737007141113,"_runtime":83,"learning_rate":0.001,"checkpoint_path":"/storage/bln-aq/analysis-modeling/wandb-experiments/wandb-checkpoint-cache/swept-mountain-6_final.pt","val_rmse":6.356448238135945,"iteration":5000,"_wandb":{"runtime":83},"_timestamp":1.7626083484449136e+09,"train_rmse":12.54252836154638,"val_loss":1.2758159637451172}