{"_runtime":461,"train_rmse":12.633990287780762,"_step":5,"train_loss":1.4205774331670435,"_timestamp":1.7626770489538412e+09,"iteration":200,"checkpoint_path":"/storage/bln-aq/analysis-modeling/wandb-experiments/wandb-checkpoint-cache/chocolate-sweep-82_final.pt","val_rmse":6.062717914581299,"RMSE":6.06271770912252,"R2":-0.13438856601715088,"_wandb":{"runtime":461},"learning_rate":0.00021994453839012517}