{"R2":-0.009047389030456543,"_runtime":1173,"val_rmse":5.717974662780762,"_timestamp":1.7626446484424384e+09,"train_loss":1.3921710610173461,"iteration":200,"_wandb":{"runtime":1173},"train_rmse":12.466038703918457,"learning_rate":0.0013379000211130611,"checkpoint_path":"/storage/bln-aq/analysis-modeling/wandb-experiments/wandb-checkpoint-cache/glad-sweep-42_final.pt","RMSE":5.717974500761386,"_step":5}