{"train_rmse":12.633401870727539,"_timestamp":1.7627277457555099e+09,"_wandb":{"runtime":1228},"val_rmse":6.061932563781738,"iteration":200,"RMSE":6.061932409399895,"learning_rate":0.00030439429324953716,"_step":5,"train_loss":1.4190026000805078,"checkpoint_path":"/storage/bln-aq/analysis-modeling/wandb-experiments/wandb-checkpoint-cache/smart-sweep-156_final.pt","R2":-0.13409459590911865,"_runtime":1228}