{"_runtime":983,"_wandb":{"runtime":983},"_step":5,"_timestamp":1.762698779347473e+09,"iteration":200,"train_loss":1.4190194419118152,"val_rmse":6.0609307289123535,"learning_rate":0.0009868529143827185,"train_rmse":12.632650375366211,"checkpoint_path":"/storage/bln-aq/analysis-modeling/wandb-experiments/wandb-checkpoint-cache/sparkling-sweep-112_final.pt","RMSE":6.060930501172164,"R2":-0.133719801902771}