{"_step":5,"_runtime":624,"val_rmse":6.0622029304504395,"iteration":200,"train_loss":1.5250950347496495,"train_rmse":12.633605003356934,"R2":-0.13419592380523682,"checkpoint_path":"/storage/bln-aq/analysis-modeling/wandb-experiments/wandb-checkpoint-cache/vocal-sweep-140_final.pt","RMSE":6.062202996913024,"_wandb":{"runtime":624},"_timestamp":1.762716413024147e+09,"learning_rate":1.535898340563677e-05}