{"val_rmse":6.077408313751221,"R2":-0.13989269733428955,"train_rmse":12.644962310791016,"_step":5,"checkpoint_path":"/storage/bln-aq/analysis-modeling/wandb-experiments/wandb-checkpoint-cache/zany-sweep-167_final.pt","_runtime":459,"iteration":200,"learning_rate":0.004686207594271993,"RMSE":6.0774082261331035,"train_loss":1.4190386619584046,"_timestamp":1.7627372581577654e+09,"_wandb":{"runtime":459}}