{"train_loss":1.5586105849331044,"learning_rate":2.4330344940329212e-05,"checkpoint_path":"/storage/bln-aq/analysis-modeling/wandb-experiments/wandb-checkpoint-cache/drawn-sweep-119_final.pt","train_rmse":12.63350772857666,"_runtime":410,"RMSE":6.062073053486781,"_step":5,"iteration":200,"_timestamp":1.7627017462266495e+09,"val_rmse":6.062073230743408,"_wandb":{"runtime":410},"R2":-0.13414740562438965}