{"learning_rate":7.13863799392056e-05,"R2":-0.1341460943222046,"_step":5,"iteration":200,"train_loss":1.4235123556212488,"train_rmse":12.633504867553711,"_runtime":682,"_wandb":{"runtime":682},"val_rmse":6.062069892883301,"_timestamp":1.7627230518398776e+09,"checkpoint_path":"/storage/bln-aq/analysis-modeling/wandb-experiments/wandb-checkpoint-cache/dandy-sweep-148_final.pt","RMSE":6.06206990712231}