{"R2":-0.1334141492843628,"_runtime":591,"learning_rate":0.000762477998649768,"iteration":200,"train_loss":1.4190339803997658,"checkpoint_path":"/storage/bln-aq/analysis-modeling/wandb-experiments/wandb-checkpoint-cache/northern-sweep-122_final.pt","_wandb":{"runtime":591},"_timestamp":1.7627032930022585e+09,"val_rmse":6.060112953186035,"RMSE":6.060113181388631,"train_rmse":12.632316589355469,"_step":5}