{"_step":5,"R2":-0.13531696796417236,"val_rmse":6.065197944641113,"checkpoint_path":"/storage/bln-aq/analysis-modeling/wandb-experiments/wandb-checkpoint-cache/electric-sweep-49_final.pt","_runtime":984,"iteration":200,"train_loss":1.6192729034449216,"train_rmse":12.634546279907227,"_wandb":{"runtime":984},"RMSE":6.065198160253672,"learning_rate":1.5009002970829588e-05,"_timestamp":1.7626504551744227e+09}