{"train_rmse":12.542647584256347,"checkpoint_path":"/storage/bln-aq/analysis-modeling/wandb-experiments/wandb-checkpoint-cache/fine-wood-7_final.pt","val_rmse":6.356602769812926,"RMSE":6.356602769812926,"learning_rate":0.001,"_runtime":86,"iteration":5000,"_step":201,"val_loss":1.2758214473724365,"train_loss":1.4287043809890747,"_timestamp":1.7626086017265232e+09,"R2":-0.1517333984375,"_wandb":{"runtime":86}}