{"_step":5,"train_rmse":12.635751724243164,"checkpoint_path":"/storage/bln-aq/analysis-modeling/wandb-experiments/wandb-checkpoint-cache/ancient-sweep-35_final.pt","val_rmse":6.064908027648926,"learning_rate":4.3893762876214194e-05,"R2":-0.1352083683013916,"_wandb":{"runtime":974},"_timestamp":1.7626394497229624e+09,"iteration":200,"RMSE":6.064908208065941,"train_loss":1.4484391599484425,"_runtime":974}