{"train_loss":1.4098224305513356,"learning_rate":0.003616201906790101,"checkpoint_path":"/storage/bln-aq/analysis-modeling/wandb-experiments/wandb-checkpoint-cache/expert-sweep-181_final.pt","iteration":200,"train_rmse":12.56098747253418,"_runtime":680,"_timestamp":1.76274579545067e+09,"RMSE":5.9416771901569385,"R2":-0.08954513072967529,"_wandb":{"runtime":680},"_step":5,"val_rmse":5.941677093505859}