{"R2":-0.13412940502166748,"train_loss":1.4545796722877138,"checkpoint_path":"/storage/bln-aq/analysis-modeling/wandb-experiments/wandb-checkpoint-cache/amber-sweep-164_final.pt","_timestamp":1.762734757351243e+09,"val_rmse":6.06202507019043,"RMSE":6.062025228570579,"_step":5,"_wandb":{"runtime":1160},"iteration":200,"train_rmse":12.633472442626953,"_runtime":1160,"learning_rate":1.6532338669393792e-05}