{"train_rmse":12.632969856262207,"train_loss":1.419701239227994,"checkpoint_path":"/storage/bln-aq/analysis-modeling/wandb-experiments/wandb-checkpoint-cache/solar-sweep-125_final.pt","RMSE":6.061355325448893,"_wandb":{"runtime":633},"_runtime":633,"learning_rate":0.00010762256988262176,"_step":5,"iteration":200,"val_rmse":6.061355113983154,"R2":-0.1338787078857422,"_timestamp":1.7627056616383643e+09}