{"R2":-0.09768486022949219,"learning_rate":0.0004673552904940978,"_step":5,"_runtime":1157,"train_loss":1.4107404496562463,"RMSE":5.96383032842814,"_wandb":{"runtime":1157},"train_rmse":12.576560974121094,"val_rmse":5.963830471038818,"_timestamp":1.762673451052659e+09,"checkpoint_path":"/storage/bln-aq/analysis-modeling/wandb-experiments/wandb-checkpoint-cache/lucky-sweep-78_final.pt","iteration":200}