{"_step":5,"_wandb":{"runtime":702},"_runtime":702,"val_rmse":5.774107456207275,"train_loss":1.3935504437603594,"R2":-0.028956055641174316,"_timestamp":1.7626962006525457e+09,"iteration":200,"train_rmse":12.495473861694336,"checkpoint_path":"/storage/bln-aq/analysis-modeling/wandb-experiments/wandb-checkpoint-cache/dulcet-sweep-108_final.pt","RMSE":5.774107443792585,"learning_rate":0.005776290701114045}