{"_timestamp":1.762702211631498e+09,"learning_rate":5.287482574884278e-05,"_step":5,"checkpoint_path":"/storage/bln-aq/analysis-modeling/wandb-experiments/wandb-checkpoint-cache/dazzling-sweep-120_final.pt","R2":-0.11089444160461426,"RMSE":5.999607391227942,"_runtime":450,"iteration":200,"_wandb":{"runtime":450},"train_loss":1.6150993458406768,"train_rmse":12.615252494812012,"val_rmse":5.999607563018799}