{"_timestamp":1.7627428331896658e+09,"_step":5,"val_rmse":6.062132835388184,"iteration":200,"RMSE":6.062132834101462,"_runtime":608,"train_rmse":12.633550643920898,"R2":-0.13416969776153564,"learning_rate":3.988351049003541e-05,"checkpoint_path":"/storage/bln-aq/analysis-modeling/wandb-experiments/wandb-checkpoint-cache/ethereal-sweep-176_final.pt","_wandb":{"runtime":608},"train_loss":1.4447328907043362}