{"train_rmse":12.633530616760254,"_timestamp":1.7626644250655668e+09,"checkpoint_path":"/storage/bln-aq/analysis-modeling/wandb-experiments/wandb-checkpoint-cache/jumping-sweep-65_final.pt","RMSE":6.062104202406937,"val_rmse":6.062104225158691,"_step":5,"train_loss":1.459723506321042,"learning_rate":1.5351389532313512e-05,"_wandb":{"runtime":1186},"iteration":200,"R2":-0.13415884971618652,"_runtime":1186}