{"R2":-0.13412797451019287,"learning_rate":2.24304986982198e-05,"val_rmse":6.062021255493164,"RMSE":6.06202145290323,"_step":5,"_timestamp":1.762637816427136e+09,"_wandb":{"runtime":621},"train_rmse":12.633468627929688,"train_loss":1.4856784127381295,"checkpoint_path":"/storage/bln-aq/analysis-modeling/wandb-experiments/wandb-checkpoint-cache/zesty-sweep-32_final.pt","_runtime":621,"iteration":200}