{"train_loss":1.3963701815177938,"_runtime":1180,"_timestamp":1.762694572141398e+09,"_step":5,"R2":-0.03028404712677002,"val_rmse":5.777832508087158,"learning_rate":0.0002031499758923715,"checkpoint_path":"/storage/bln-aq/analysis-modeling/wandb-experiments/wandb-checkpoint-cache/rare-sweep-105_final.pt","train_rmse":12.497476577758789,"iteration":200,"_wandb":{"runtime":1180},"RMSE":5.777832340732742}