{"val_rmse":6.071837425231934,"train_loss":1.4190472197568738,"_step":5,"iteration":200,"R2":-0.13780391216278076,"_timestamp":1.7626415898428366e+09,"RMSE":6.071837480382984,"_wandb":{"runtime":1150},"learning_rate":0.0012916630516447687,"_runtime":1150,"checkpoint_path":"/storage/bln-aq/analysis-modeling/wandb-experiments/wandb-checkpoint-cache/youthful-sweep-37_final.pt","train_rmse":12.64080810546875}