{"train_loss":1.419054381632131,"R2":-0.12556660175323486,"_wandb":{"runtime":417},"train_rmse":12.616212844848633,"_runtime":417,"val_rmse":6.039097309112549,"iteration":200,"_step":5,"_timestamp":1.7627234833318555e+09,"RMSE":6.039097241774259,"checkpoint_path":"/storage/bln-aq/analysis-modeling/wandb-experiments/wandb-checkpoint-cache/clear-sweep-149_final.pt","learning_rate":0.006048947469889254}