{"RMSE":6.067515392810486,"_timestamp":1.762625591166703e+09,"train_loss":1.4191542993594997,"val_rmse":6.0675153732299805,"_wandb":{"runtime":670},"learning_rate":0.009294753559737964,"R2":-0.1361846923828125,"_runtime":670,"_step":5,"iteration":200,"train_rmse":12.637580871582031,"checkpoint_path":"/storage/bln-aq/analysis-modeling/wandb-experiments/wandb-checkpoint-cache/soft-sweep-17_final.pt"}