{"learning_rate":0.0016939721536640643,"RMSE":6.078446642056033,"train_rmse":12.645734786987305,"_timestamp":1.762718564638252e+09,"_wandb":{"runtime":1138},"_runtime":1138,"val_rmse":6.078446865081787,"iteration":200,"_step":5,"R2":-0.14028215408325195,"train_loss":1.4190386710395668,"checkpoint_path":"/storage/bln-aq/analysis-modeling/wandb-experiments/wandb-checkpoint-cache/faithful-sweep-142_final.pt"}