{"_timestamp":1.7626810911522114e+09,"_step":5,"train_rmse":12.621214866638184,"val_rmse":6.045718669891357,"checkpoint_path":"/storage/bln-aq/analysis-modeling/wandb-experiments/wandb-checkpoint-cache/bumbling-sweep-87_final.pt","_runtime":468,"_wandb":{"runtime":468},"iteration":200,"R2":-0.12803614139556885,"train_loss":1.419040546311748,"RMSE":6.045718848916684,"learning_rate":0.003863128821358656}