{"learning_rate":0.0012971782753995389,"_step":5,"checkpoint_path":"/storage/bln-aq/analysis-modeling/wandb-experiments/wandb-checkpoint-cache/solar-sweep-111_final.pt","train_loss":1.3923096302113196,"train_rmse":12.465357780456543,"R2":-0.007922172546386719,"_timestamp":1.7626977816359515e+09,"_runtime":451,"val_rmse":5.714785575866699,"RMSE":5.714785676610265,"_wandb":{"runtime":451},"iteration":200}