{"_step":5,"checkpoint_path":"/storage/bln-aq/analysis-modeling/wandb-experiments/wandb-checkpoint-cache/fiery-sweep-57_final.pt","val_rmse":5.836921691894531,"train_loss":1.3968959179368112,"_timestamp":1.7626571782543128e+09,"RMSE":5.836921823364633,"_runtime":725,"learning_rate":0.0006838726629266912,"_wandb":{"runtime":725},"iteration":200,"R2":-0.05146515369415283,"train_rmse":12.523463249206543}