{"checkpoint_path":"/storage/bln-aq/analysis-modeling/wandb-experiments/wandb-checkpoint-cache/fragrant-sweep-60_final.pt","R2":-0.13038110733032227,"train_loss":1.7515825038945965,"_wandb":{"runtime":620},"iteration":200,"train_rmse":12.627275466918945,"val_rmse":6.051999568939209,"_timestamp":1.7626599632195365e+09,"_step":5,"learning_rate":1.878156107980579e-05,"RMSE":6.051999466315509,"_runtime":620}