{"checkpoint_path":"/storage/bln-aq/analysis-modeling/wandb-experiments/wandb-checkpoint-cache/still-sweep-197_final.pt","_wandb":{"runtime":1011},"_runtime":1011,"val_rmse":6.062106609344482,"_timestamp":1.762755833342252e+09,"RMSE":6.0621067194844045,"_step":5,"iteration":200,"R2":-0.13415992259979248,"learning_rate":1.4949213276366808e-05,"train_loss":1.4616629829840566,"train_rmse":12.633532524108887}