{"checkpoint_path":"/storage/bln-aq/analysis-modeling/wandb-experiments/wandb-checkpoint-cache/peach-sweep-28_final.pt","_runtime":646,"_wandb":{"runtime":646},"val_rmse":6.06191349029541,"_timestamp":1.7626347904305658e+09,"iteration":200,"train_loss":1.4196897028978446,"learning_rate":0.0001079629702523736,"train_rmse":12.633387565612793,"_step":5,"R2":-0.1340876817703247,"RMSE":6.061913530750573}