{"RMSE":5.986042955585374,"train_rmse":12.590470314025879,"checkpoint_path":"/storage/bln-aq/analysis-modeling/wandb-experiments/wandb-checkpoint-cache/lively-sweep-84_final.pt","learning_rate":0.00010047048344056975,"_timestamp":1.7626788653518608e+09,"R2":-0.10587692260742188,"iteration":200,"train_loss":1.4359560841945291,"_runtime":694,"val_rmse":5.9860429763793945,"_step":5,"_wandb":{"runtime":694}}