{"RMSE":5.909791238005505,"train_loss":1.4100065714914012,"_runtime":694,"val_rmse":5.909791469573975,"_timestamp":1.762668866754303e+09,"_step":5,"_wandb":{"runtime":694},"iteration":200,"R2":-0.07788252830505371,"learning_rate":0.008712433158568686,"checkpoint_path":"/storage/bln-aq/analysis-modeling/wandb-experiments/wandb-checkpoint-cache/firm-sweep-72_final.pt","train_rmse":12.537388801574707}