{"_step":5,"_wandb":{"runtime":720},"_runtime":720,"iteration":200,"RMSE":6.062115529247311,"R2":-0.1341632604598999,"learning_rate":0.0003872688633026742,"train_loss":1.4189963126801104,"val_rmse":6.062115669250488,"_timestamp":1.7626922136451106e+09,"checkpoint_path":"/storage/bln-aq/analysis-modeling/wandb-experiments/wandb-checkpoint-cache/wild-sweep-102_final.pt","train_rmse":12.633539199829102}