{"train_loss":1.4192616897203454,"train_rmse":12.659985542297363,"RMSE":6.097652496395385,"iteration":200,"val_rmse":6.097652435302734,"_wandb":{"runtime":1095},"checkpoint_path":"/storage/bln-aq/analysis-modeling/wandb-experiments/wandb-checkpoint-cache/visionary-sweep-145_final.pt","R2":-0.1474994421005249,"_runtime":1095,"learning_rate":0.00920507700368722,"_timestamp":1.7627208205790827e+09,"_step":5}