{"learning_rate":0.005950083289133969,"train_loss":1.4190753531901543,"_timestamp":1.7626341311235135e+09,"R2":-0.14715194702148438,"_runtime":1167,"iteration":200,"_wandb":{"runtime":1167},"train_rmse":12.6593017578125,"val_rmse":6.096729278564453,"_step":5,"checkpoint_path":"/storage/bln-aq/analysis-modeling/wandb-experiments/wandb-checkpoint-cache/olive-sweep-27_final.pt","RMSE":6.09672935229751}