{"learning_rate":1.5250467494344585e-05,"_timestamp":1.7626753613639917e+09,"_runtime":1191,"_step":5,"train_rmse":12.563346862792969,"checkpoint_path":"/storage/bln-aq/analysis-modeling/wandb-experiments/wandb-checkpoint-cache/effortless-sweep-80_final.pt","train_loss":1.5490969446068994,"iteration":200,"RMSE":5.936237401734039,"val_rmse":5.936237335205078,"R2":-0.08755099773406982,"_wandb":{"runtime":1191}}