{"_wandb":{"runtime":1132},"_timestamp":1.7626291287321699e+09,"R2":0.12148535251617432,"train_rmse":12.295536041259766,"val_rmse":5.335325717926025,"_step":5,"checkpoint_path":"/storage/bln-aq/analysis-modeling/wandb-experiments/wandb-checkpoint-cache/robust-sweep-21_final.pt","train_loss":1.3338712830191533,"learning_rate":0.0002594246734334126,"RMSE":5.335325683548862,"_runtime":1132,"iteration":200}