{"val_rmse":6.069120407104492,"_wandb":{"runtime":672},"_step":5,"RMSE":6.069120272842718,"iteration":200,"learning_rate":0.0067242828361335485,"checkpoint_path":"/storage/bln-aq/analysis-modeling/wandb-experiments/wandb-checkpoint-cache/sunny-sweep-15_final.pt","train_loss":1.4190814513499792,"R2":-0.13678574562072754,"_runtime":672,"_timestamp":1.762624421826242e+09,"train_rmse":12.638779640197754}