{"_timestamp":1.76268180004969e+09,"learning_rate":1.2206679438615646e-05,"R2":-0.1341712474822998,"_step":5,"iteration":200,"train_loss":1.554958972061256,"_runtime":693,"checkpoint_path":"/storage/bln-aq/analysis-modeling/wandb-experiments/wandb-checkpoint-cache/vibrant-sweep-88_final.pt","_wandb":{"runtime":693},"val_rmse":6.062137126922607,"train_rmse":12.63355541229248,"RMSE":6.06213723896554}