{"RMSE":5.771806582059305,"_wandb":{"runtime":1198},"train_rmse":12.492951393127441,"_timestamp":1.7626884042529175e+09,"iteration":200,"_runtime":1198,"val_rmse":5.771806716918945,"train_loss":1.3972451281975182,"checkpoint_path":"/storage/bln-aq/analysis-modeling/wandb-experiments/wandb-checkpoint-cache/dark-sweep-95_final.pt","R2":-0.028136134147644043,"learning_rate":0.00010151161600323528,"_step":5}