{"learning_rate":0.00017762937692240245,"train_loss":1.4223883411327256,"RMSE":6.0619198236402125,"train_rmse":12.633393287658691,"R2":-0.13408994674682617,"_wandb":{"runtime":423},"iteration":200,"_step":5,"_runtime":423,"checkpoint_path":"/storage/bln-aq/analysis-modeling/wandb-experiments/wandb-checkpoint-cache/good-sweep-178_final.pt","val_rmse":6.061919689178467,"_timestamp":1.762743892939425e+09}