{"R2":-0.1341630220413208,"_runtime":707,"_step":5,"train_rmse":12.633538246154785,"RMSE":6.0621148999789565,"train_loss":1.5504154473885134,"checkpoint_path":"/storage/bln-aq/analysis-modeling/wandb-experiments/wandb-checkpoint-cache/iconic-sweep-154_final.pt","iteration":200,"val_rmse":6.062114715576172,"_timestamp":1.7627264769421625e+09,"_wandb":{"runtime":707},"learning_rate":1.2630733051301964e-05}