{"_step":5,"iteration":200,"learning_rate":4.540449073952355e-05,"RMSE":6.061971110447202,"_wandb":{"runtime":710},"_timestamp":1.7627331096381822e+09,"checkpoint_path":"/storage/bln-aq/analysis-modeling/wandb-experiments/wandb-checkpoint-cache/smart-sweep-162_final.pt","_runtime":710,"train_rmse":12.633430480957031,"train_loss":1.4379139407142758,"val_rmse":6.061971187591553,"R2":-0.13410913944244385}