{"train_rmse":12.62171745300293,"checkpoint_path":"/storage/bln-aq/analysis-modeling/wandb-experiments/wandb-checkpoint-cache/sparkling-sweep-13_final.pt","_step":5,"_wandb":{"runtime":1004},"_runtime":1004,"val_rmse":6.042022228240967,"R2":-0.12665724754333496,"learning_rate":0.006960751044507259,"_timestamp":1.7626237170274014e+09,"RMSE":6.042022413983104,"iteration":200,"train_loss":1.4189761351179127}