{"RMSE":6.062118675588104,"train_rmse":12.633541107177734,"_step":5,"R2":-0.13416433334350586,"learning_rate":1.0545833625205147e-05,"iteration":200,"val_rmse":6.0621185302734375,"_runtime":602,"_wandb":{"runtime":602},"_timestamp":1.7627543124187014e+09,"train_loss":1.5749030235291919,"checkpoint_path":"/storage/bln-aq/analysis-modeling/wandb-experiments/wandb-checkpoint-cache/lemon-sweep-194_final.pt"}