{"RMSE":6.067132497376553,"_wandb":{"runtime":415},"_timestamp":1.7626966306301012e+09,"learning_rate":0.003208888179402663,"_step":5,"_runtime":415,"train_loss":1.418882562876088,"val_rmse":6.067132472991943,"R2":-0.1360412836074829,"train_rmse":12.639046669006348,"checkpoint_path":"/storage/bln-aq/analysis-modeling/wandb-experiments/wandb-checkpoint-cache/dulcet-sweep-109_final.pt","iteration":200}