{"iteration":200,"_runtime":1148,"val_rmse":5.939908504486084,"checkpoint_path":"/storage/bln-aq/analysis-modeling/wandb-experiments/wandb-checkpoint-cache/neat-sweep-101_final.pt","train_loss":1.4098266239677477,"R2":-0.08889663219451904,"learning_rate":0.003636976514070699,"train_rmse":12.560157775878906,"_timestamp":1.762691434471284e+09,"_step":5,"_wandb":{"runtime":1148},"RMSE":5.939908472762432}