{"train_loss":1.396783385447439,"train_rmse":12.508194923400879,"R2":-0.043537020683288574,"learning_rate":0.0008330659656483058,"checkpoint_path":"/storage/bln-aq/analysis-modeling/wandb-experiments/wandb-checkpoint-cache/noble-sweep-30_final.pt","RMSE":5.81487463569152,"iteration":200,"val_rmse":5.814874649047852,"_step":5,"_timestamp":1.7626360252564423e+09,"_wandb":{"runtime":1200},"_runtime":1200}