{"iteration":200,"train_loss":1.3488815063330466,"R2":0.11774295568466187,"train_rmse":12.299478530883789,"checkpoint_path":"/storage/bln-aq/analysis-modeling/wandb-experiments/wandb-checkpoint-cache/grateful-sweep-159_final.pt","learning_rate":0.0002630955906406539,"_timestamp":1.7627298755515842e+09,"RMSE":5.346677814640083,"_step":5,"_runtime":448,"val_rmse":5.346677780151367,"_wandb":{"runtime":448}}