{"checkpoint_path":"/storage/bln-aq/analysis-modeling/wandb-experiments/wandb-checkpoint-cache/faithful-sweep-113_final.pt","_step":5,"R2":0.17214196920394897,"train_rmse":12.215083122253418,"val_rmse":5.179220199584961,"_timestamp":1.7626995370359614e+09,"_runtime":694,"_wandb":{"runtime":694},"RMSE":5.179220003000214,"iteration":200,"train_loss":1.3208733331882923,"learning_rate":0.0023512242168905657}