{"val_rmse":5.965043067932129,"RMSE":5.96504328006158,"R2":-0.09813141822814941,"_runtime":671,"train_rmse":12.573716163635254,"learning_rate":1.0548418802394451e-05,"iteration":200,"_timestamp":1.7627197097414713e+09,"_step":5,"train_loss":1.913524803870589,"_wandb":{"runtime":671},"checkpoint_path":"/storage/bln-aq/analysis-modeling/wandb-experiments/wandb-checkpoint-cache/generous-sweep-144_final.pt"}