{"_runtime":460,"iteration":200,"train_rmse":12.589971542358398,"_step":5,"_timestamp":1.7626434642584155e+09,"R2":-0.10555791854858398,"learning_rate":0.00028268467674189457,"RMSE":5.9851797175373695,"train_loss":1.4235266164779643,"val_rmse":5.985179901123047,"_wandb":{"runtime":460},"checkpoint_path":"/storage/bln-aq/analysis-modeling/wandb-experiments/wandb-checkpoint-cache/apricot-sweep-41_final.pt"}