{"train_rmse":12.133578300476074,"learning_rate":0.006519915269957958,"iteration":200,"_timestamp":1.762678157722573e+09,"checkpoint_path":"/storage/bln-aq/analysis-modeling/wandb-experiments/wandb-checkpoint-cache/fanciful-sweep-83_final.pt","_wandb":{"runtime":1095},"val_rmse":4.997486591339111,"R2":0.22922003269195557,"_runtime":1095,"RMSE":4.997486627206853,"_step":5,"train_loss":1.3130777250075787}