{"learning_rate":0.0007337502038468218,"iteration":200,"train_rmse":12.310190200805664,"_step":5,"train_loss":1.3335524584070007,"_wandb":{"runtime":1079},"val_rmse":5.358902454376221,"checkpoint_path":"/storage/bln-aq/analysis-modeling/wandb-experiments/wandb-checkpoint-cache/genial-sweep-189_final.pt","RMSE":5.358902357074278,"_timestamp":1.762750794454044e+09,"R2":0.11370396614074707,"_runtime":1079}