{"checkpoint_path":"/storage/bln-aq/analysis-modeling/wandb-experiments/wandb-checkpoint-cache/chocolate-sweep-68_final.pt","R2":-0.13415157794952393,"learning_rate":1.0261961970239962e-05,"train_rmse":12.633515357971191,"iteration":200,"val_rmse":6.062084197998047,"_wandb":{"runtime":1139},"_timestamp":1.7626667878489177e+09,"RMSE":6.062084380385357,"_runtime":1139,"_step":5,"train_loss":1.49175549682822}