{"checkpoint_path":"/storage/bln-aq/analysis-modeling/wandb-experiments/wandb-checkpoint-cache/divine-sweep-92_final.pt","train_loss":1.4187114690916152,"RMSE":5.983049609471288,"_wandb":{"runtime":461},"learning_rate":0.000334046119421285,"val_rmse":5.983049392700195,"R2":-0.10477113723754883,"train_rmse":12.588693618774414,"_timestamp":1.7626849198607776e+09,"iteration":200,"_runtime":461,"_step":5}