{"_wandb":{"runtime":446},"_step":5,"R2":0.12334102392196655,"_runtime":446,"_timestamp":1.7627190241202583e+09,"learning_rate":0.00032250075840147176,"RMSE":5.329687879344845,"iteration":200,"train_loss":1.34151226781219,"checkpoint_path":"/storage/bln-aq/analysis-modeling/wandb-experiments/wandb-checkpoint-cache/wandering-sweep-143_final.pt","train_rmse":12.290322303771973,"val_rmse":5.32968807220459}