{"train_rmse":12.618844985961914,"train_loss":1.4188907457301647,"val_rmse":6.0385050773620605,"checkpoint_path":"/storage/bln-aq/analysis-modeling/wandb-experiments/wandb-checkpoint-cache/legendary-sweep-26_final.pt","_runtime":975,"iteration":200,"learning_rate":0.004348504451661667,"_timestamp":1.7626329506228848e+09,"RMSE":6.038505025106167,"_wandb":{"runtime":975},"_step":5,"R2":-0.12534582614898682}