{"train_loss":1.419037513446643,"RMSE":6.064584589959917,"R2":-0.135087251663208,"_timestamp":1.7627497024358072e+09,"iteration":200,"_wandb":{"runtime":436},"checkpoint_path":"/storage/bln-aq/analysis-modeling/wandb-experiments/wandb-checkpoint-cache/clean-sweep-188_final.pt","_step":5,"learning_rate":0.008409932268542086,"train_rmse":12.635388374328613,"_runtime":436,"val_rmse":6.064584732055664}