{"_runtime":467,"checkpoint_path":"/storage/bln-aq/analysis-modeling/wandb-experiments/wandb-checkpoint-cache/fragrant-sweep-55_final.pt","R2":-0.12601518630981445,"train_loss":1.4190988124517978,"_timestamp":1.7626554131309378e+09,"_step":5,"RMSE":6.040300762949206,"train_rmse":12.617122650146484,"val_rmse":6.0403008460998535,"learning_rate":0.007104094875727343,"_wandb":{"runtime":467},"iteration":200}