{"_wandb":{"runtime":703},"val_rmse":5.673572063446045,"_timestamp":1.762722354545893e+09,"RMSE":5.673571960654471,"_runtime":703,"iteration":200,"train_rmse":12.435043334960938,"_step":5,"R2":0.006563127040863037,"train_loss":1.3931819133939323,"learning_rate":0.001848529515713786,"checkpoint_path":"/storage/bln-aq/analysis-modeling/wandb-experiments/wandb-checkpoint-cache/toasty-sweep-147_final.pt"}