{"learning_rate":7.329459284344893e-05,"train_loss":1.529498084820905,"RMSE":5.908639898628123,"checkpoint_path":"/storage/bln-aq/analysis-modeling/wandb-experiments/wandb-checkpoint-cache/noble-sweep-174_final.pt","_runtime":461,"_wandb":{"runtime":461},"train_rmse":12.550867080688477,"_timestamp":1.7627414622532394e+09,"iteration":200,"R2":-0.07746255397796631,"val_rmse":5.908639907836914,"_step":5}