{"checkpoint_path":"/storage/bln-aq/analysis-modeling/wandb-experiments/wandb-checkpoint-cache/dauntless-sweep-99_final.pt","train_rmse":12.632444381713867,"learning_rate":0.0004948800308242427,"RMSE":6.060654821488712,"_wandb":{"runtime":456},"iteration":200,"train_loss":1.4190701635483516,"_step":5,"_runtime":456,"val_rmse":6.060654640197754,"_timestamp":1.762689822648949e+09,"R2":-0.13361668586730957}