{"iteration":200,"_runtime":681,"R2":-0.10356020927429199,"RMSE":5.979769615404954,"_wandb":{"runtime":681},"_timestamp":1.7627464897470624e+09,"train_rmse":12.586214065551758,"checkpoint_path":"/storage/bln-aq/analysis-modeling/wandb-experiments/wandb-checkpoint-cache/volcanic-sweep-182_final.pt","train_loss":1.4535559848775144,"learning_rate":8.234805551531608e-05,"val_rmse":5.979769706726074,"_step":5}