{"_step":5,"RMSE":6.062413165856867,"R2":-0.13427460193634033,"learning_rate":5.352442387431145e-05,"_timestamp":1.762671031118388e+09,"_runtime":454,"train_loss":1.4753571188815946,"train_rmse":12.633761405944824,"checkpoint_path":"/storage/bln-aq/analysis-modeling/wandb-experiments/wandb-checkpoint-cache/smart-sweep-75_final.pt","val_rmse":6.062413215637207,"iteration":200,"_wandb":{"runtime":454}}