{"_timestamp":1.7627085562224934e+09,"val_rmse":6.044181823730469,"R2":-0.12746262550354004,"checkpoint_path":"/storage/bln-aq/analysis-modeling/wandb-experiments/wandb-checkpoint-cache/dry-sweep-129_final.pt","_wandb":{"runtime":595},"train_loss":1.8550302178768374,"_step":5,"iteration":200,"train_rmse":12.623015403747559,"learning_rate":1.3563819892002468e-05,"RMSE":6.044181598452214,"_runtime":595}