{"RMSE":6.061965132252777,"_runtime":621,"train_loss":1.4200591726866525,"checkpoint_path":"/storage/bln-aq/analysis-modeling/wandb-experiments/wandb-checkpoint-cache/wandering-sweep-9_final.pt","learning_rate":9.927939053423056e-05,"val_rmse":6.061964988708496,"_timestamp":1.7626198940357792e+09,"R2":-0.13410699367523193,"_wandb":{"runtime":621},"train_rmse":12.633426666259766,"_step":5,"iteration":200}