{"learning_rate":0.005772316034169007,"_runtime":737,"train_loss":1.4190828903668062,"train_rmse":12.632763862609863,"_wandb":{"runtime":737},"_timestamp":1.762742213367421e+09,"iteration":200,"R2":-0.13377594947814941,"checkpoint_path":"/storage/bln-aq/analysis-modeling/wandb-experiments/wandb-checkpoint-cache/woven-sweep-175_final.pt","val_rmse":6.061080455780029,"_step":5,"RMSE":6.061080609151702}