{"_wandb":{"runtime":442},"train_rmse":12.285083770751953,"learning_rate":0.004047168990105462,"RMSE":5.314573534043431,"R2":0.12830615043640137,"_timestamp":1.7626260452293375e+09,"iteration":200,"_step":5,"_runtime":442,"train_loss":1.3333116535231277,"checkpoint_path":"/storage/bln-aq/analysis-modeling/wandb-experiments/wandb-checkpoint-cache/dutiful-sweep-18_final.pt","val_rmse":5.314573764801025}