{"iteration":200,"learning_rate":2.24645248247292e-05,"_wandb":{"runtime":461},"_timestamp":1.76266726075116e+09,"R2":-0.08522927761077881,"_runtime":461,"val_rmse":5.929897308349609,"checkpoint_path":"/storage/bln-aq/analysis-modeling/wandb-experiments/wandb-checkpoint-cache/gallant-sweep-69_final.pt","train_rmse":12.559876441955566,"RMSE":5.929897540849311,"_step":5,"train_loss":1.7296598125376506}