{"train_rmse":12.631362915039062,"R2":-0.13329720497131348,"_runtime":967,"learning_rate":1.2687687312943309e-05,"iteration":200,"val_rmse":6.05980110168457,"_timestamp":1.7626404282285676e+09,"_step":5,"train_loss":1.6605399610513514,"RMSE":6.059800953129792,"_wandb":{"runtime":967},"checkpoint_path":"/storage/bln-aq/analysis-modeling/wandb-experiments/wandb-checkpoint-cache/fresh-sweep-36_final.pt"}