{"iteration":200,"R2":-0.13420021533966064,"_runtime":459,"val_rmse":6.0622148513793945,"_timestamp":1.7626163527339253e+09,"_wandb":{"runtime":459},"train_rmse":12.633613586425781,"checkpoint_path":"/storage/bln-aq/analysis-modeling/wandb-experiments/wandb-checkpoint-cache/absurd-sweep-5_final.pt","learning_rate":0.00011329773548299988,"_step":5,"train_loss":1.4322879877104069,"RMSE":6.062214638197832}