{"_step":5,"RMSE":6.061836127673655,"_timestamp":1.7626215240227246e+09,"checkpoint_path":"/storage/bln-aq/analysis-modeling/wandb-experiments/wandb-checkpoint-cache/eternal-sweep-11_final.pt","R2":-0.13405871391296387,"_wandb":{"runtime":413},"_runtime":413,"val_rmse":6.061836242675781,"learning_rate":0.0001278202057396282,"iteration":200,"train_loss":1.4285549100369224,"train_rmse":12.633330345153809}