{"R2":-0.0902789831161499,"_wandb":{"runtime":1199},"learning_rate":3.760574338890705e-05,"train_loss":1.4472228055511471,"train_rmse":12.565262794494629,"_step":5,"val_rmse":5.94367790222168,"RMSE":5.94367772007264,"_runtime":1199,"checkpoint_path":"/storage/bln-aq/analysis-modeling/wandb-experiments/wandb-checkpoint-cache/absurd-sweep-190_final.pt","_timestamp":1.7627520841515188e+09,"iteration":200}