{"_timestamp":1.7626582877155914e+09,"RMSE":6.062222818546757,"R2":-0.13420331478118896,"iteration":200,"_runtime":1097,"checkpoint_path":"/storage/bln-aq/analysis-modeling/wandb-experiments/wandb-checkpoint-cache/rosy-sweep-58_final.pt","_wandb":{"runtime":1097},"train_loss":1.4228538407098932,"train_rmse":12.63361930847168,"val_rmse":6.062222957611084,"learning_rate":3.487447360186335e-05,"_step":5}