{"_step":5,"iteration":200,"_timestamp":1.7627008794518278e+09,"train_loss":1.5617352672802642,"learning_rate":1.1610072546394264e-05,"train_rmse":12.63351058959961,"RMSE":6.062077773030426,"R2":-0.13414907455444336,"_wandb":{"runtime":697},"val_rmse":6.06207799911499,"checkpoint_path":"/storage/bln-aq/analysis-modeling/wandb-experiments/wandb-checkpoint-cache/celestial-sweep-116_final.pt","_runtime":697}