{"_runtime":672,"checkpoint_path":"/storage/bln-aq/analysis-modeling/wandb-experiments/wandb-checkpoint-cache/ruby-sweep-103_final.pt","train_loss":1.4189988520210854,"_timestamp":1.7626928973492637e+09,"_step":5,"val_rmse":6.062564373016357,"learning_rate":0.0003578099004357514,"train_rmse":12.633875846862793,"RMSE":6.0625641809585975,"_wandb":{"runtime":672},"iteration":200,"R2":-0.1343311071395874}