{"_timestamp":1.762674155238717e+09,"train_loss":1.4190154667299248,"val_rmse":6.13118314743042,"learning_rate":0.006978700828294833,"_step":5,"_runtime":691,"iteration":200,"_wandb":{"runtime":691},"train_rmse":12.68464469909668,"checkpoint_path":"/storage/bln-aq/analysis-modeling/wandb-experiments/wandb-checkpoint-cache/sage-sweep-79_final.pt","R2":-0.16015410423278809,"RMSE":6.131182916956698}