{"val_rmse":5.966554164886475,"checkpoint_path":"/storage/bln-aq/analysis-modeling/wandb-experiments/wandb-checkpoint-cache/autumn-sweep-20_final.pt","R2":-0.09868764877319336,"_timestamp":1.7626279835502434e+09,"_step":5,"train_loss":1.521757718119788,"iteration":200,"_runtime":697,"learning_rate":5.114150437500957e-05,"RMSE":5.966553928155506,"train_rmse":12.577363967895508,"_wandb":{"runtime":697}}