{"_step":5,"val_rmse":5.690948963165283,"_timestamp":1.7626151790470572e+09,"train_rmse":12.440519332885742,"learning_rate":0.0022248224457777003,"R2":0.0004684329032897949,"_wandb":{"runtime":1204},"train_loss":1.3936390781377508,"iteration":200,"RMSE":5.690948782125129,"_runtime":1204,"checkpoint_path":"/storage/bln-aq/analysis-modeling/wandb-experiments/wandb-checkpoint-cache/dazzling-sweep-3_final.pt"}