{"_step":5,"train_rmse":12.633371353149414,"checkpoint_path":"/storage/bln-aq/analysis-modeling/wandb-experiments/wandb-checkpoint-cache/fanciful-sweep-6_final.pt","iteration":200,"train_loss":1.4189935446773356,"_wandb":{"runtime":1199},"RMSE":6.061891505585388,"_timestamp":1.7626175633169947e+09,"R2":-0.13407933712005615,"_runtime":1199,"val_rmse":6.061891555786133,"learning_rate":0.00011035532157892248}