{"RMSE":5.989712478793392,"_runtime":689,"_timestamp":1.7626158811534107e+09,"checkpoint_path":"/storage/bln-aq/analysis-modeling/wandb-experiments/wandb-checkpoint-cache/lemon-sweep-4_final.pt","_step":5,"learning_rate":0.00017180421722851432,"val_rmse":5.989712715148926,"iteration":200,"R2":-0.10723316669464111,"train_loss":1.4166899990769566,"_wandb":{"runtime":689},"train_rmse":12.5924654006958}