{"learning_rate":1.2145364324089463e-05,"checkpoint_path":"/storage/bln-aq/analysis-modeling/wandb-experiments/wandb-checkpoint-cache/firm-sweep-8_final.pt","train_loss":1.6483006800628446,"R2":-0.13416004180908203,"_runtime":457,"val_rmse":6.062107086181641,"RMSE":6.062107034119014,"_timestamp":1.7626192607586446e+09,"iteration":200,"_step":5,"_wandb":{"runtime":457},"train_rmse":12.633532524108887}