{"_runtime":1161,"val_rmse":6.062301158905029,"_timestamp":1.7626187901342568e+09,"RMSE":6.062301160560082,"R2":-0.13423264026641846,"iteration":200,"train_rmse":12.63367748260498,"_wandb":{"runtime":1161},"learning_rate":0.0001234108416354831,"checkpoint_path":"/storage/bln-aq/analysis-modeling/wandb-experiments/wandb-checkpoint-cache/leafy-sweep-7_final.pt","train_loss":1.4189926706759195,"_step":5}