{"_step":5,"R2":-0.1248999834060669,"_wandb":{"runtime":993},"iteration":200,"train_loss":1.4191792520750406,"learning_rate":0.004792168835041555,"_timestamp":1.762680583347489e+09,"val_rmse":6.037308692932129,"checkpoint_path":"/storage/bln-aq/analysis-modeling/wandb-experiments/wandb-checkpoint-cache/apricot-sweep-86_final.pt","RMSE":6.037308728207255,"train_rmse":12.614860534667969,"_runtime":993}