{"_timestamp":1.7627479407586966e+09,"RMSE":5.696799922580234,"_step":5,"_runtime":734,"checkpoint_path":"/storage/bln-aq/analysis-modeling/wandb-experiments/wandb-checkpoint-cache/eager-sweep-184_final.pt","train_loss":1.3940806900263767,"R2":-0.0015878677368164062,"val_rmse":5.6967997550964355,"learning_rate":0.009217941208797358,"iteration":200,"_wandb":{"runtime":734},"train_rmse":12.44363784790039}