{"iteration":200,"train_loss":1.4189988734335373,"learning_rate":0.0003099430290099027,"_step":5,"checkpoint_path":"/storage/bln-aq/analysis-modeling/wandb-experiments/wandb-checkpoint-cache/sparkling-sweep-172_final.pt","train_rmse":12.633718490600586,"_timestamp":1.76274045376555e+09,"R2":-0.1342529058456421,"val_rmse":6.062355041503906,"_wandb":{"runtime":1253},"_runtime":1253,"RMSE":6.06235527573713}