{"iteration":5000,"_timestamp":1.7626071270112548e+09,"train_loss":1.4287043809890747,"val_rmse":6.355529372213948,"checkpoint_path":"/storage/bln-aq/analysis-modeling/wandb-experiments/wandb-checkpoint-cache/lively-silence-5_final.pt","R2":-0.1513444185256958,"_runtime":80,"learning_rate":0.001,"RMSE":6.355529372213948,"_wandb":{"runtime":80},"val_loss":1.2757490873336792,"_step":201}