{"train_loss":1.4112000736254056,"train_rmse":12.57822322845459,"checkpoint_path":"/storage/bln-aq/analysis-modeling/wandb-experiments/wandb-checkpoint-cache/divine-sweep-45_final.pt","_runtime":1153,"_step":5,"_wandb":{"runtime":1153},"learning_rate":0.00028475212334600625,"val_rmse":5.96677303314209,"RMSE":5.9667729004223755,"R2":-0.09876847267150879,"_timestamp":1.7626464496683986e+09,"iteration":200}