{"_wandb":{"runtime":1214},"R2":-0.10099363327026367,"val_rmse":5.972811698913574,"_runtime":1214,"learning_rate":2.8540256754683715e-05,"train_rmse":12.581293106079102,"_step":5,"checkpoint_path":"/storage/bln-aq/analysis-modeling/wandb-experiments/wandb-checkpoint-cache/helpful-sweep-76_final.pt","_timestamp":1.7626722589469447e+09,"train_loss":1.499000683341925,"RMSE":5.972811769864544,"iteration":200}