{"_wandb":{"runtime":1150},"learning_rate":1.506869877267494e-05,"_step":5,"train_loss":1.5774021496841915,"_runtime":1150,"RMSE":6.03813734777665,"R2":-0.12520873546600342,"_timestamp":1.7626626046397982e+09,"iteration":200,"val_rmse":6.038137435913086,"checkpoint_path":"/storage/bln-aq/analysis-modeling/wandb-experiments/wandb-checkpoint-cache/desert-sweep-63_final.pt","train_rmse":12.633321762084961}