{"R2":-0.0992211103439331,"_step":5,"train_rmse":12.579742431640625,"_timestamp":1.7626705348012922e+09,"_runtime":1191,"learning_rate":0.0012876793676130436,"val_rmse":5.9680023193359375,"_wandb":{"runtime":1191},"iteration":200,"checkpoint_path":"/storage/bln-aq/analysis-modeling/wandb-experiments/wandb-checkpoint-cache/deep-sweep-74_final.pt","train_loss":1.410065070872859,"RMSE":5.968002192601678}