{"val_rmse":6.062145233154297,"iteration":200,"R2":-0.13417434692382812,"train_rmse":12.633561134338379,"_wandb":{"runtime":1235},"_step":5,"checkpoint_path":"/storage/bln-aq/analysis-modeling/wandb-experiments/wandb-checkpoint-cache/classic-sweep-134_final.pt","_runtime":1235,"_timestamp":1.762711696774115e+09,"RMSE":6.06214510478629,"train_loss":1.4190290186584145,"learning_rate":7.474222962318223e-05}