{"val_rmse":6.062038421630859,"_wandb":{"runtime":707},"train_rmse":12.633481979370117,"learning_rate":1.9650374817643933e-05,"iteration":200,"checkpoint_path":"/storage/bln-aq/analysis-modeling/wandb-experiments/wandb-checkpoint-cache/glowing-sweep-132_final.pt","R2":-0.1341344118118286,"_step":5,"RMSE":6.062038443387779,"_timestamp":1.7627097537427049e+09,"_runtime":707,"train_loss":1.497649032985696}