{"RMSE":5.3307676501826995,"R2":0.12298578023910522,"_runtime":436,"_timestamp":1.7626902725226853e+09,"iteration":200,"train_loss":1.338644939339916,"train_rmse":12.291524887084961,"_wandb":{"runtime":436},"val_rmse":5.330767631530762,"checkpoint_path":"/storage/bln-aq/analysis-modeling/wandb-experiments/wandb-checkpoint-cache/earnest-sweep-100_final.pt","learning_rate":0.00038302881412139394,"_step":5}