{"val_rmse":5.984395503997803,"checkpoint_path":"/storage/bln-aq/analysis-modeling/wandb-experiments/wandb-checkpoint-cache/usual-sweep-22_final.pt","train_loss":1.4225043338648475,"iteration":200,"RMSE":5.984395716857907,"_wandb":{"runtime":456},"_runtime":456,"train_rmse":12.589359283447266,"learning_rate":0.0002916197796455172,"_timestamp":1.762629596847289e+09,"R2":-0.10526835918426514,"_step":5}