{"val_rmse":6.067263126373291,"checkpoint_path":"/storage/bln-aq/analysis-modeling/wandb-experiments/wandb-checkpoint-cache/neat-sweep-1_final.pt","train_loss":1.4190219969736808,"iteration":200,"learning_rate":0.001818990882201207,"_timestamp":1.7626132214432418e+09,"RMSE":6.067263275545669,"train_rmse":12.637391090393066,"_step":5,"R2":-0.13609015941619873,"_wandb":{"runtime":730},"_runtime":730}