{"val_rmse":5.3212199211120605,"RMSE":5.321219973256525,"checkpoint_path":"/storage/bln-aq/analysis-modeling/wandb-experiments/wandb-checkpoint-cache/soft-sweep-131_final.pt","_wandb":{"runtime":438},"_runtime":438,"iteration":200,"train_rmse":12.285521507263184,"learning_rate":0.0004001493450066648,"_timestamp":1.762709034630875e+09,"_step":5,"R2":0.1261245608329773,"train_loss":1.3372505414918812}