{"RMSE":6.065634320353639,"train_rmse":12.636173248291016,"_runtime":452,"R2":-0.13548028469085693,"iteration":200,"learning_rate":0.001797937916393213,"_timestamp":1.7626893278466113e+09,"checkpoint_path":"/storage/bln-aq/analysis-modeling/wandb-experiments/wandb-checkpoint-cache/honest-sweep-97_final.pt","_wandb":{"runtime":452},"val_rmse":6.065634250640869,"_step":5,"train_loss":1.4190218093108276}