{"checkpoint_path":"/storage/bln-aq/analysis-modeling/wandb-experiments/wandb-checkpoint-cache/dutiful-sweep-191_final.pt","_runtime":1149,"iteration":200,"_step":5,"_wandb":{"runtime":1149},"train_loss":1.410081263253267,"val_rmse":5.962640285491943,"_timestamp":1.7627532457438674e+09,"RMSE":5.962640161686257,"R2":-0.09724688529968262,"train_rmse":12.576253890991211,"learning_rate":0.006541945111265047}