{"val_rmse":5.942070007324219,"_wandb":{"runtime":1188},"_timestamp":1.7626210965374696e+09,"RMSE":5.942070095638756,"learning_rate":3.525028591761101e-05,"checkpoint_path":"/storage/bln-aq/analysis-modeling/wandb-experiments/wandb-checkpoint-cache/deep-sweep-10_final.pt","_runtime":1188,"_step":5,"R2":-0.08968925476074219,"iteration":200,"train_loss":1.453692570721063,"train_rmse":12.565085411071777}