{"learning_rate":8.234016711442352e-05,"train_rmse":12.633451461791992,"val_rmse":6.061999320983887,"_timestamp":1.7627216356523232e+09,"R2":-0.13411962985992432,"checkpoint_path":"/storage/bln-aq/analysis-modeling/wandb-experiments/wandb-checkpoint-cache/rural-sweep-146_final.pt","iteration":200,"RMSE":6.061999113489965,"_runtime":734,"_step":5,"_wandb":{"runtime":734},"train_loss":1.4215195204231663}