{"train_loss":1.5682470420799506,"RMSE":6.06214510478629,"_step":5,"val_rmse":6.062145233154297,"learning_rate":2.263070994678818e-05,"_timestamp":1.7626950206391683e+09,"train_rmse":12.633561134338379,"iteration":200,"checkpoint_path":"/storage/bln-aq/analysis-modeling/wandb-experiments/wandb-checkpoint-cache/genial-sweep-106_final.pt","_wandb":{"runtime":437},"R2":-0.13417434692382812,"_runtime":437}