{"RMSE":6.06237037756079,"train_loss":1.4257703165300493,"R2":-0.13425862789154053,"val_rmse":6.062370300292969,"_runtime":447,"iteration":200,"learning_rate":0.0001436037229230776,"_wandb":{"runtime":447},"_step":5,"train_rmse":12.633729934692383,"_timestamp":1.7626888636321898e+09,"checkpoint_path":"/storage/bln-aq/analysis-modeling/wandb-experiments/wandb-checkpoint-cache/confused-sweep-96_final.pt"}