{"_step":5,"val_rmse":6.033817768096924,"RMSE":6.033817673661853,"checkpoint_path":"/storage/bln-aq/analysis-modeling/wandb-experiments/wandb-checkpoint-cache/olive-sweep-64_final.pt","R2":-0.12359941005706787,"iteration":200,"learning_rate":0.005995021351631991,"train_rmse":12.612215042114258,"_wandb":{"runtime":604},"train_loss":1.4190646113177579,"_timestamp":1.762663223225744e+09,"_runtime":604}