{"train_rmse":12.635502815246582,"learning_rate":0.0007620300419685204,"_timestamp":1.7627379968490598e+09,"_runtime":728,"RMSE":6.06473838147551,"_wandb":{"runtime":728},"R2":-0.13514482975006104,"_step":5,"checkpoint_path":"/storage/bln-aq/analysis-modeling/wandb-experiments/wandb-checkpoint-cache/rich-sweep-168_final.pt","val_rmse":6.0647382736206055,"iteration":200,"train_loss":1.4190084736846975}