{"_timestamp":1.7627140139518187e+09,"learning_rate":0.0006877250020540834,"train_loss":1.410860853797462,"RMSE":5.962386168986792,"_wandb":{"runtime":687},"train_rmse":12.575529098510742,"val_rmse":5.962386131286621,"_step":5,"checkpoint_path":"/storage/bln-aq/analysis-modeling/wandb-experiments/wandb-checkpoint-cache/honest-sweep-137_final.pt","iteration":200,"R2":-0.09715330600738525,"_runtime":687}