{"val_rmse":5.973273277282715,"RMSE":5.973273515458548,"_wandb":{"runtime":446},"train_rmse":12.605108261108398,"checkpoint_path":"/storage/bln-aq/analysis-modeling/wandb-experiments/wandb-checkpoint-cache/ruby-sweep-138_final.pt","learning_rate":4.538873532907468e-05,"_timestamp":1.7627144763238032e+09,"train_loss":1.645670901664042,"_step":5,"R2":-0.10116386413574219,"_runtime":446,"iteration":200}