{"iteration":200,"train_rmse":12.633610725402832,"RMSE":6.062210233389994,"train_loss":1.4673759219353764,"R2":-0.13419866561889648,"_wandb":{"runtime":1220},"_runtime":1220,"val_rmse":6.0622100830078125,"_timestamp":1.762715710285934e+09,"learning_rate":1.3845011072260712e-05,"_step":5,"checkpoint_path":"/storage/bln-aq/analysis-modeling/wandb-experiments/wandb-checkpoint-cache/cerulean-sweep-139_final.pt"}