{"train_rmse":12.582295417785645,"learning_rate":2.782530776826747e-05,"checkpoint_path":"/storage/bln-aq/analysis-modeling/wandb-experiments/wandb-checkpoint-cache/northern-sweep-53_final.pt","RMSE":5.974470183692448,"_runtime":1139,"iteration":200,"train_loss":1.5037474911390245,"_step":5,"val_rmse":5.974470138549805,"_timestamp":1.7626537437457166e+09,"R2":-0.10160505771636963,"_wandb":{"runtime":1139}}