{"_runtime":608,"val_rmse":6.061192035675049,"_step":5,"_timestamp":1.7626844474315274e+09,"checkpoint_path":"/storage/bln-aq/analysis-modeling/wandb-experiments/wandb-checkpoint-cache/azure-sweep-91_final.pt","RMSE":6.061192007638992,"iteration":200,"_wandb":{"runtime":608},"train_loss":1.4190062885653556,"learning_rate":0.00020739799393125157,"R2":-0.1338176727294922,"train_rmse":12.63284683227539}