{"checkpoint_path":"/storage/bln-aq/analysis-modeling/wandb-experiments/wandb-checkpoint-cache/smart-sweep-107_final.pt","learning_rate":0.008407923161006187,"_timestamp":1.7626954866436317e+09,"RMSE":6.055127882170086,"_runtime":454,"_step":5,"iteration":200,"val_rmse":6.05512809753418,"train_rmse":12.628296852111816,"_wandb":{"runtime":454},"R2":-0.13155007362365723,"train_loss":1.419105507610076}