{"train_rmse":12.633443832397461,"R2":-0.13411593437194824,"_wandb":{"runtime":462},"train_loss":1.5102306935284149,"_timestamp":1.7627026892565446e+09,"iteration":200,"_step":5,"RMSE":6.0619890449951015,"_runtime":462,"checkpoint_path":"/storage/bln-aq/analysis-modeling/wandb-experiments/wandb-checkpoint-cache/glowing-sweep-121_final.pt","learning_rate":3.610939058639441e-05,"val_rmse":6.061988830566406}