{"_runtime":1172,"R2":-0.1386711597442627,"iteration":200,"train_loss":1.4190629810450237,"val_rmse":6.074151039123535,"_timestamp":1.7626765763299844e+09,"_step":5,"checkpoint_path":"/storage/bln-aq/analysis-modeling/wandb-experiments/wandb-checkpoint-cache/ethereal-sweep-81_final.pt","_wandb":{"runtime":1172},"learning_rate":0.0019844052821092763,"RMSE":6.074151238069353,"train_rmse":12.642534255981445}