{"train_rmse":12.644004821777344,"checkpoint_path":"/storage/bln-aq/analysis-modeling/wandb-experiments/wandb-checkpoint-cache/unique-sweep-56_final.pt","RMSE":6.076124474963783,"iteration":200,"_runtime":1010,"val_rmse":6.076124668121338,"_timestamp":1.7626564378106477e+09,"R2":-0.1394110918045044,"_step":5,"train_loss":1.4191307303740754,"learning_rate":0.006793661757588741,"_wandb":{"runtime":1010}}