{"iteration":200,"R2":-0.13417065143585205,"_timestamp":1.7626272558627472e+09,"checkpoint_path":"/storage/bln-aq/analysis-modeling/wandb-experiments/wandb-checkpoint-cache/autumn-sweep-19_final.pt","RMSE":6.062135351167041,"_wandb":{"runtime":1198},"_runtime":1198,"train_rmse":12.633554458618164,"train_loss":1.4196317276313788,"val_rmse":6.062135219573975,"_step":5,"learning_rate":4.972263996237793e-05}