{"_runtime":453,"train_loss":1.4103947386743634,"learning_rate":0.002330618767606677,"checkpoint_path":"/storage/bln-aq/analysis-modeling/wandb-experiments/wandb-checkpoint-cache/desert-sweep-73_final.pt","train_rmse":12.566293716430664,"val_rmse":5.949459552764893,"RMSE":5.949459519401577,"R2":-0.09240114688873291,"_timestamp":1.7626693316395123e+09,"_step":5,"_wandb":{"runtime":453},"iteration":200}