{"val_rmse":6.047606468200684,"R2":-0.12874066829681396,"_wandb":{"runtime":1094},"_timestamp":1.7626319492362096e+09,"iteration":200,"train_loss":1.4190658408754064,"learning_rate":0.002580416951339729,"train_rmse":12.622636795043945,"checkpoint_path":"/storage/bln-aq/analysis-modeling/wandb-experiments/wandb-checkpoint-cache/warm-sweep-25_final.pt","RMSE":6.047606431356457,"_runtime":1094,"_step":5}