{"checkpoint_path":"/storage/bln-aq/analysis-modeling/wandb-experiments/wandb-checkpoint-cache/rare-sweep-180_final.pt","R2":-0.1427839994430542,"train_loss":1.4190647468531783,"train_rmse":12.650691032409668,"RMSE":6.085111001223955,"_runtime":716,"_step":5,"iteration":200,"val_rmse":6.085111141204834,"learning_rate":0.003735034794064767,"_wandb":{"runtime":716},"_timestamp":1.762745102545258e+09}