{"train_rmse":12.633722305297852,"checkpoint_path":"/storage/bln-aq/analysis-modeling/wandb-experiments/wandb-checkpoint-cache/wobbly-sweep-23_final.pt","RMSE":6.062359995061065,"R2":-0.13425469398498535,"val_rmse":6.062359809875488,"iteration":200,"_runtime":1170,"_timestamp":1.7626307815611074e+09,"train_loss":1.4190413684659586,"learning_rate":0.0018192480424386068,"_wandb":{"runtime":1170},"_step":5}