{"iteration":200,"train_rmse":12.575429916381836,"RMSE":5.9621449618729265,"_runtime":680,"train_loss":1.4105403145909694,"_wandb":{"runtime":680},"R2":-0.09706461429595947,"_step":5,"val_rmse":5.96214485168457,"learning_rate":0.0009576294345307456,"checkpoint_path":"/storage/bln-aq/analysis-modeling/wandb-experiments/wandb-checkpoint-cache/lyric-sweep-133_final.pt","_timestamp":1.7627104496211634e+09}