{"train_rmse":12.5620756149292,"val_rmse":5.936905860900879,"learning_rate":0.00011406945782587046,"checkpoint_path":"/storage/bln-aq/analysis-modeling/wandb-experiments/wandb-checkpoint-cache/rich-sweep-151_final.pt","train_loss":1.4828290815902998,"_runtime":457,"iteration":200,"_timestamp":1.7627240459207542e+09,"RMSE":5.936905680576254,"_step":5,"R2":-0.08779585361480713,"_wandb":{"runtime":457}}