{"checkpoint_path":"/storage/bln-aq/analysis-modeling/wandb-experiments/wandb-checkpoint-cache/rare-sweep-127_final.pt","val_rmse":5.966447353363037,"_runtime":687,"iteration":200,"R2":-0.0986485481262207,"_wandb":{"runtime":687},"train_loss":1.5365091612430561,"RMSE":5.966447475960753,"_step":5,"learning_rate":4.712995938429291e-05,"train_rmse":12.577210426330566,"_timestamp":1.762707476450581e+09}