{"train_rmse":12.631170272827148,"val_rmse":6.058664798736572,"R2":-0.1328723430633545,"_wandb":{"runtime":974},"_step":5,"RMSE":6.05866458342297,"_runtime":974,"_timestamp":1.762704977227917e+09,"learning_rate":0.0006774638586667626,"checkpoint_path":"/storage/bln-aq/analysis-modeling/wandb-experiments/wandb-checkpoint-cache/deft-sweep-124_final.pt","iteration":200,"train_loss":1.4190231340076311}