{"RMSE":6.062413165856867,"_step":5,"train_rmse":12.633761405944824,"checkpoint_path":"/storage/bln-aq/analysis-modeling/wandb-experiments/wandb-checkpoint-cache/bright-sweep-179_final.pt","R2":-0.13427460193634033,"_wandb":{"runtime":466},"_runtime":466,"val_rmse":6.062413215637207,"train_loss":1.4455107125651656,"learning_rate":8.426564375012915e-05,"_timestamp":1.7627443709516113e+09,"iteration":200}