{"RMSE":6.062212750423436,"_runtime":445,"checkpoint_path":"/storage/bln-aq/analysis-modeling/wandb-experiments/wandb-checkpoint-cache/resilient-sweep-185_final.pt","learning_rate":3.0484413051745827e-05,"val_rmse":6.062212944030762,"_timestamp":1.7627483997559242e+09,"_wandb":{"runtime":445},"iteration":200,"train_loss":1.529768464304576,"train_rmse":12.633611679077148,"R2":-0.13419950008392334,"_step":5}