{"_runtime":412,"learning_rate":0.0014617625372781047,"_wandb":{"runtime":412},"_step":5,"train_loss":1.419010060742257,"train_rmse":12.637012481689453,"val_rmse":6.066755771636963,"R2":-0.13590013980865479,"RMSE":6.06675586564998,"iteration":200,"_timestamp":1.7627013245185647e+09,"checkpoint_path":"/storage/bln-aq/analysis-modeling/wandb-experiments/wandb-checkpoint-cache/effortless-sweep-118_final.pt"}