{"val_rmse":6.062048435211182,"iteration":200,"_runtime":1104,"RMSE":6.0620485118005965,"learning_rate":5.156026111254789e-05,"checkpoint_path":"/storage/bln-aq/analysis-modeling/wandb-experiments/wandb-checkpoint-cache/colorful-sweep-126_final.pt","_timestamp":1.7627067783180075e+09,"_step":5,"_wandb":{"runtime":1104},"train_loss":1.4195071376334956,"R2":-0.1341381072998047,"train_rmse":12.633488655090332}