{"train_loss":1.6996296327144278,"_step":5,"_runtime":411,"iteration":200,"R2":-0.13267791271209717,"train_rmse":12.630664825439453,"checkpoint_path":"/storage/bln-aq/analysis-modeling/wandb-experiments/wandb-checkpoint-cache/visionary-sweep-136_final.pt","val_rmse":6.058144569396973,"learning_rate":4.6041795689522065e-05,"RMSE":6.058144804248102,"_timestamp":1.7627133141325507e+09,"_wandb":{"runtime":411}}