{"1": [52.34112525, 13.4041644], "2": [52.346, 13.096], "3": [52.34779846, 13.09706837], "4": [52.348, 13.66], "5": [52.35, 13.402], "6": [52.37, 13.314], "7": [52.372, 13.61], "8": [52.374, 13.132], "9": [52.37799003, 13.0912292], "10": [52.378, 13.122], "11": [52.378, 13.404], "12": [52.384, 13.396], "13": [52.38535529, 13.39390469], "14": [52.38735672, 13.38938764], "15": [52.388, 13.096], "16": [52.388, 13.39], "17": [52.39202801, 13.09366014], "18": [52.39808494, 13.4004126], "19": [52.406, 13.23], "20": [52.406, 13.416], "21": [52.408, 13.356], "22": [52.408, 13.5], "23": [52.412, 13.554], "24": [52.41204745, 13.3361361], "25": [52.41252655, 13.1085392], "26": [52.4128266, 13.4208877], "27": [52.41369779, 13.27334046], "28": [52.41768788, 13.34519148], "29": [52.418, 13.398], "30": [52.418, 13.668], "31": [52.42, 13.334], "32": [52.422, 13.486], "33": [52.428, 13.302], "34": [52.436, 13.312], "35": [52.436, 13.346], "36": [52.4416178, 13.4175126], "37": [52.444, 13.556], "38": [52.446, 13.28], "39": [52.446, 13.452], "40": [52.448, 13.27], "41": [52.448, 13.356], "42": [52.452, 13.12], "43": [52.45310519, 13.56797844], "44": [52.454, 13.5], "45": [52.456, 13.328], "46": [52.456, 13.62], "47": [52.46, 13.322], "48": [52.46, 13.528], "49": [52.464, 13.428], "50": [52.464, 13.48], "51": [52.4648495, 13.425869], "52": [52.465002, 13.323425], "53": [52.466, 13.482], "54": [52.467121, 13.30488861], "55": [52.468, 13.342], "56": [52.472, 13.38], "57": [52.47263136, 13.34297922], "58": [52.474, 13.304], "59": [52.474, 13.332], "60": [52.474, 13.372], "61": [52.476, 13.316], "62": [52.4779757, 13.3854827], "63": [52.47990905, 13.52331794], "64": [52.48, 13.348], "65": [52.48, 13.354], "66": [52.48, 13.422], "67": [52.48005879, 13.34905654], "68": [52.4817911, 13.4293795], "69": [52.482, 13.142], "70": [52.482, 13.43], "71": [52.486, 13.374], "72": [52.486, 13.386], "73": [52.486, 13.424], "74": [52.4876433, 13.3864976], "75": [52.488, 13.326], "76": [52.49, 13.326], "77": [52.49, 13.378], "78": [52.49, 13.434], "79": [52.492, 13.388], "80": [52.492, 13.434], "81": [52.492, 13.446], "82": [52.4939226, 13.3993645], "83": [52.4950186, 13.45689545], "84": [52.496, 13.298], "85": [52.496, 13.456], "86": [52.496, 13.482], "87": [52.4960485, 13.2641351], "88": [52.49634569, 13.43316257], "89": [52.498, 13.446], "90": [52.498, 13.462], "91": [52.498, 13.48], "92": [52.5, 13.482], "93": [52.5001593, 13.3560053], "94": [52.50084329, 13.43152642], "95": [52.502, 13.426], "96": [52.502, 13.488], "97": [52.504, 13.478], "98": [52.504, 13.498], "99": [52.508, 13.236], "100": [52.508, 13.284], "101": [52.508, 13.422], "102": [52.508, 13.454], "103": [52.5081984, 13.4627232], "104": [52.51, 13.396], "105": [52.5107691, 13.2705853], "106": [52.512, 13.3], "107": [52.512, 13.46], "108": [52.514, 13.192], "109": [52.514, 13.44], "111": [52.514, 13.462], "112": [52.514, 13.468], "113": [52.51410872, 13.71683568], "114": [52.516, 13.318], "115": [52.516, 13.42], "116": [52.516, 13.46], "117": [52.516, 13.564], "118": [52.52, 13.332], "119": [52.52, 13.45], "120": [52.52, 13.494], "121": [52.522, 13.622], "122": [52.524, 13.34], "123": [52.524, 13.422], "124": [52.524, 13.694], "125": [52.5258996, 13.3077671], "126": [52.526, 13.36], "127": [52.526, 13.408], "128": [52.5266168, 13.6972121], "129": [52.5271056, 13.6990607], "130": [52.528, 13.346], "131": [52.5280385, 13.4143498], "132": [52.53, 13.39], "133": [52.53145992, 13.43536198], "134": [52.532, 13.348], "135": [52.532, 13.352], "136": [52.534, 13.398], "137": [52.534, 13.436], "138": [52.53778507, 13.48292112], "139": [52.538, 13.266], "140": [52.54, 13.29], "141": [52.54, 13.416], "142": [52.54, 13.42], "143": [52.542, 13.232], "144": [52.546, 13.23], "145": [52.546, 13.428], "146": [52.546, 13.57], "147": [52.55, 13.148], "148": [52.55, 13.408], "149": [52.552, 13.434], "150": [52.552, 13.436], "151": [52.554, 13.364], "152": [52.554, 13.554], "153": [52.556, 13.376], "154": [52.556, 13.384], "155": [52.556, 13.43], "156": [52.556, 13.464], "157": [52.558, 13.188], "158": [52.558, 13.336], "159": [52.558, 13.564], "160": [52.56, 13.374], "161": [52.56, 13.508], "162": [52.562, 13.418], "164": [52.56621645, 13.3457467], "165": [52.568, 13.364], "166": [52.568, 13.588], "167": [52.576, 13.348], "168": [52.576, 13.568], "169": [52.5807622, 13.4260763], "170": [52.582, 13.406], "171": [52.5839288, 13.3361582], "172": [52.584, 13.392], "173": [52.586, 13.284], "174": [52.586, 13.288], "175": [52.586, 13.442], "176": [52.586254, 13.2284712], "177": [52.58726478, 13.40477432], "178": [52.588, 13.224], "179": [52.588, 13.394], "180": [52.596, 13.112], "181": [52.596, 13.32], "182": [52.602, 13.434], "183": [52.604, 13.318], "184": [52.604, 13.438], "185": [52.60475078, 13.36680043], "186": [52.608, 13.26], "187": [52.61, 13.244], "188": [52.612, 13.3], "189": [52.612, 13.63], "190": [52.614, 13.496], "191": [52.614, 13.5], "192": [52.616, 13.238], "193": [52.622, 13.296], "194": [52.624, 13.544], "195": [52.638, 13.73], "196": [52.67, 13.544], "197": [52.672, 13.548]}