{"_wandb":{"runtime":679},"learning_rate":0.0003021744146260259,"iteration":200,"RMSE":6.062696001482879,"_runtime":679,"_timestamp":1.7626651632280912e+09,"checkpoint_path":"/storage/bln-aq/analysis-modeling/wandb-experiments/wandb-checkpoint-cache/giddy-sweep-66_final.pt","R2":-0.13438045978546143,"train_rmse":12.633973121643066,"_step":5,"train_loss":1.4189968001288058,"val_rmse":6.0626959800720215}