{"_step":5,"_wandb":{"runtime":1106},"_runtime":1106,"checkpoint_path":"/storage/bln-aq/analysis-modeling/wandb-experiments/wandb-checkpoint-cache/fallen-sweep-12_final.pt","iteration":200,"train_rmse":12.63356876373291,"val_rmse":6.062154769897461,"_timestamp":1.762622641228649e+09,"train_loss":1.4309591400581478,"learning_rate":2.562901005747228e-05,"RMSE":6.062154543757718,"R2":-0.1341778039932251}