{"val_rmse":5.823009014129639,"_wandb":{"runtime":473},"iteration":200,"learning_rate":5.91961531011679e-05,"R2":-0.04645872116088867,"train_rmse":12.515703201293945,"checkpoint_path":"/storage/bln-aq/analysis-modeling/wandb-experiments/wandb-checkpoint-cache/firm-sweep-39_final.pt","RMSE":5.823009219540152,"_step":5,"train_loss":1.5516325084056768,"_timestamp":1.7626425426450455e+09,"_runtime":473}