{"_step":5,"iteration":200,"train_loss":1.4234081809925043,"R2":-0.13428783416748047,"_wandb":{"runtime":1026},"train_rmse":12.6337890625,"learning_rate":3.3785284197883796e-05,"_timestamp":1.7626525896442978e+09,"RMSE":6.062448403050408,"checkpoint_path":"/storage/bln-aq/analysis-modeling/wandb-experiments/wandb-checkpoint-cache/woven-sweep-52_final.pt","_runtime":1026,"val_rmse":6.062448501586914}