{"checkpoint_path":"/storage/bln-aq/analysis-modeling/wandb-experiments/wandb-checkpoint-cache/magic-sweep-40_final.pt","_wandb":{"runtime":434},"RMSE":5.184161111329648,"_runtime":434,"iteration":200,"learning_rate":0.0030054554743753916,"R2":0.17056167125701904,"train_rmse":12.218452453613281,"val_rmse":5.184161186218262,"_step":5,"_timestamp":1.7626429889308627e+09,"train_loss":1.3235464308440834}