{"_step":5,"checkpoint_path":"/storage/bln-aq/analysis-modeling/wandb-experiments/wandb-checkpoint-cache/super-sweep-110_final.pt","train_loss":1.4206589898282773,"learning_rate":9.039150872722356e-05,"RMSE":6.062628361237754,"val_rmse":6.062628269195557,"_timestamp":1.7626973188483353e+09,"_wandb":{"runtime":674},"train_rmse":12.633923530578613,"R2":-0.1343550682067871,"_runtime":674,"iteration":200}