{"_timestamp":1.7626482892389686e+09,"iteration":200,"checkpoint_path":"/storage/bln-aq/analysis-modeling/wandb-experiments/wandb-checkpoint-cache/confused-sweep-47_final.pt","R2":-0.1342073678970337,"_step":5,"learning_rate":3.925572870421044e-05,"RMSE":6.062233830537493,"_runtime":712,"train_loss":1.445642717774201,"train_rmse":12.633626937866211,"_wandb":{"runtime":712},"val_rmse":6.062233924865723}