{"RMSE":6.067168964649449,"train_rmse":12.637321472167969,"_timestamp":1.7626475619426348e+09,"checkpoint_path":"/storage/bln-aq/analysis-modeling/wandb-experiments/wandb-checkpoint-cache/feasible-sweep-46_final.pt","_step":5,"R2":-0.1360548734664917,"iteration":200,"learning_rate":0.0018669365602504051,"_runtime":1046,"_wandb":{"runtime":1046},"train_loss":1.4190185684874888,"val_rmse":6.067169189453125}