{"iteration":200,"val_rmse":5.760763168334961,"_runtime":1213,"train_loss":1.4449510734684692,"R2":-0.024205684661865234,"_timestamp":1.7627311009624166e+09,"RMSE":5.760763294719977,"_wandb":{"runtime":1213},"checkpoint_path":"/storage/bln-aq/analysis-modeling/wandb-experiments/wandb-checkpoint-cache/jumping-sweep-160_final.pt","_step":5,"train_rmse":12.487504959106445,"learning_rate":3.244350151342868e-05}