{"_timestamp":1.7626795751546211e+09,"checkpoint_path":"/storage/bln-aq/analysis-modeling/wandb-experiments/wandb-checkpoint-cache/grateful-sweep-85_final.pt","train_loss":1.3977695982108904,"train_rmse":12.490489959716797,"_step":5,"iteration":200,"_wandb":{"runtime":698},"val_rmse":5.767884254455566,"learning_rate":0.00019083196160412847,"R2":-0.02673935890197754,"_runtime":698,"RMSE":5.767884346764114}