{"_step":5,"RMSE":6.0676304453379,"val_rmse":6.067630290985107,"train_loss":1.4190290750238084,"iteration":200,"_wandb":{"runtime":682},"_runtime":682,"train_rmse":12.637665748596191,"learning_rate":0.0017040189810552302,"checkpoint_path":"/storage/bln-aq/analysis-modeling/wandb-experiments/wandb-checkpoint-cache/pious-sweep-170_final.pt","R2":-0.13622760772705078,"_timestamp":1.7627391651285594e+09}