{"iteration":200,"val_rmse":6.0618720054626465,"RMSE":6.061871997515109,"train_loss":1.4395686149080218,"learning_rate":9.475410788620571e-05,"_step":5,"R2":-0.13407206535339355,"train_rmse":12.633357048034668,"_runtime":417,"_timestamp":1.7627294158318453e+09,"_wandb":{"runtime":417},"checkpoint_path":"/storage/bln-aq/analysis-modeling/wandb-experiments/wandb-checkpoint-cache/morning-sweep-158_final.pt"}