{"_wandb":{"runtime":1157},"train_rmse":12.63270378112793,"_step":5,"RMSE":6.061000048517965,"_timestamp":1.7626494572481103e+09,"train_loss":1.4189972503507495,"iteration":200,"_runtime":1157,"checkpoint_path":"/storage/bln-aq/analysis-modeling/wandb-experiments/wandb-checkpoint-cache/lively-sweep-48_final.pt","val_rmse":6.060999870300293,"learning_rate":0.0003188574239638583,"R2":-0.13374578952789307}