{"_step":5,"checkpoint_path":"/storage/bln-aq/analysis-modeling/wandb-experiments/wandb-checkpoint-cache/firm-sweep-169_final.pt","RMSE":6.062149824273841,"_wandb":{"runtime":457},"val_rmse":6.062150001525879,"iteration":200,"train_rmse":12.633564949035645,"_timestamp":1.7627384697569463e+09,"_runtime":457,"learning_rate":0.00047321342141358393,"train_loss":1.4190820664493378,"R2":-0.13417601585388184}