{"R2":-0.12997770309448242,"iteration":200,"_runtime":614,"train_loss":1.4190119159493815,"val_rmse":6.050919532775879,"learning_rate":0.001337539929402913,"checkpoint_path":"/storage/bln-aq/analysis-modeling/wandb-experiments/wandb-checkpoint-cache/swift-sweep-177_final.pt","_step":5,"_wandb":{"runtime":614},"_timestamp":1.7627434585196133e+09,"RMSE":6.05091963154785,"train_rmse":12.62513256072998}