{"_wandb":{"runtime":1011},"_step":5,"train_loss":1.5930718050927624,"iteration":200,"checkpoint_path":"/storage/bln-aq/analysis-modeling/wandb-experiments/wandb-checkpoint-cache/prime-sweep-62_final.pt","val_rmse":6.068336009979248,"_timestamp":1.7626614397231395e+09,"RMSE":6.068336115983749,"R2":-0.13649201393127441,"_runtime":1011,"train_rmse":12.63631820678711,"learning_rate":1.7333399021593014e-05}