{"_wandb":{"runtime":685},"_timestamp":1.7627471909496863e+09,"_step":5,"_runtime":685,"iteration":200,"train_rmse":12.542142868041992,"R2":-0.0807027816772461,"val_rmse":5.91751766204834,"RMSE":5.917517838122835,"checkpoint_path":"/storage/bln-aq/analysis-modeling/wandb-experiments/wandb-checkpoint-cache/usual-sweep-183_final.pt","train_loss":1.4100256459220575,"learning_rate":0.0061324116707344506}