{"checkpoint_path":"/storage/bln-aq/analysis-modeling/wandb-experiments/wandb-checkpoint-cache/rose-sweep-54_final.pt","R2":-0.13443171977996826,"_wandb":{"runtime":1128},"train_rmse":12.634077072143555,"RMSE":6.062833167291039,"_step":5,"train_loss":1.4189952678179747,"iteration":200,"learning_rate":0.00013726929954329734,"_timestamp":1.7626548830592668e+09,"val_rmse":6.062833309173584,"_runtime":1128}