{"_step":5,"_timestamp":1.7626249055470462e+09,"train_loss":1.42985956805615,"val_rmse":5.766267776489258,"RMSE":5.766267735495128,"_runtime":470,"checkpoint_path":"/storage/bln-aq/analysis-modeling/wandb-experiments/wandb-checkpoint-cache/glorious-sweep-16_final.pt","R2":-0.026163935661315918,"_wandb":{"runtime":470},"learning_rate":0.00017018912421768982,"iteration":200,"train_rmse":12.490553855895996}