{"val_rmse":6.087242603302002,"R2":-0.14358460903167725,"checkpoint_path":"/storage/bln-aq/analysis-modeling/wandb-experiments/wandb-checkpoint-cache/young-sweep-114_final.pt","train_rmse":12.655033111572266,"_runtime":590,"_wandb":{"runtime":590},"iteration":200,"learning_rate":0.005177359696429705,"train_loss":1.4189192062375595,"RMSE":6.087242368537687,"_timestamp":1.7627001420237336e+09,"_step":5}