{"R2":-0.1033475399017334,"_timestamp":1.762667734666958e+09,"_runtime":461,"iteration":200,"train_rmse":12.586141586303711,"_wandb":{"runtime":461},"learning_rate":0.0002164034313229956,"val_rmse":5.979193687438965,"_step":5,"checkpoint_path":"/storage/bln-aq/analysis-modeling/wandb-experiments/wandb-checkpoint-cache/sparkling-sweep-70_final.pt","RMSE":5.979193533417244,"train_loss":1.4368589205569549}