{"_runtime":416,"_timestamp":1.7627492526877487e+09,"train_loss":1.6094781857046239,"train_rmse":12.633536338806152,"RMSE":6.0621126975392015,"val_rmse":6.062112808227539,"_step":5,"R2":-0.1341620683670044,"learning_rate":1.6600050942993486e-05,"iteration":200,"checkpoint_path":"/storage/bln-aq/analysis-modeling/wandb-experiments/wandb-checkpoint-cache/wise-sweep-187_final.pt","_wandb":{"runtime":416}}