{"checkpoint_path":"/storage/bln-aq/analysis-modeling/wandb-experiments/wandb-checkpoint-cache/major-sweep-38_final.pt","train_rmse":12.633235931396484,"_runtime":427,"_step":5,"learning_rate":0.0002024744020087546,"_wandb":{"runtime":427},"train_loss":1.4211363148804688,"val_rmse":6.061711311340332,"R2":-0.1340118646621704,"RMSE":6.061711210867363,"iteration":200,"_timestamp":1.762642056625082e+09}