{"val_rmse":6.060361385345459,"checkpoint_path":"/storage/bln-aq/analysis-modeling/wandb-experiments/wandb-checkpoint-cache/gentle-sweep-135_final.pt","R2":-0.13350701332092285,"_timestamp":1.7627128911269736e+09,"RMSE":6.060361504677985,"_runtime":1113,"_step":5,"iteration":200,"_wandb":{"runtime":1113},"learning_rate":0.0007101039098527956,"train_loss":1.4190224378994931,"train_rmse":12.632225036621094}