{"RMSE":6.062103573137406,"_timestamp":1.762717411927002e+09,"_step":5,"iteration":200,"learning_rate":1.108005069044904e-05,"checkpoint_path":"/storage/bln-aq/analysis-modeling/wandb-experiments/wandb-checkpoint-cache/leafy-sweep-141_final.pt","train_loss":1.4849572615811162,"_runtime":987,"_wandb":{"runtime":987},"R2":-0.13415873050689697,"train_rmse":12.633528709411621,"val_rmse":6.062103748321533}