{"_step":5,"_runtime":454,"iteration":200,"learning_rate":0.0002705567414434438,"R2":-0.1348121166229248,"_timestamp":1.7627079452360985e+09,"train_loss":1.4197188295354328,"val_rmse":6.063849449157715,"checkpoint_path":"/storage/bln-aq/analysis-modeling/wandb-experiments/wandb-checkpoint-cache/silvery-sweep-128_final.pt","train_rmse":12.63483715057373,"_wandb":{"runtime":454},"RMSE":6.063849544742146}