{"R2":-0.12841463088989258,"_step":5,"iteration":200,"val_rmse":6.0467329025268555,"train_loss":1.4190565380607836,"checkpoint_path":"/storage/bln-aq/analysis-modeling/wandb-experiments/wandb-checkpoint-cache/daily-sweep-199_final.pt","_wandb":{"runtime":1188},"_runtime":1188,"_timestamp":1.7627571512417006e+09,"train_rmse":12.621979713439941,"learning_rate":0.0031623864101502273,"RMSE":6.046733056110173}