{"val_rmse":5.728188991546631,"_step":5,"_timestamp":1.7627367862574806e+09,"R2":-0.01265561580657959,"RMSE":5.728188984997925,"learning_rate":0.00032845129262302835,"train_loss":1.3932599323327124,"checkpoint_path":"/storage/bln-aq/analysis-modeling/wandb-experiments/wandb-checkpoint-cache/stilted-sweep-166_final.pt","_runtime":741,"train_rmse":12.471579551696777,"_wandb":{"runtime":741},"iteration":200}