{"iteration":200,"val_rmse":6.06212854385376,"learning_rate":2.3343153728937393e-05,"_step":5,"train_loss":1.5641034151294921,"RMSE":6.062128743867666,"_runtime":442,"train_rmse":12.633549690246582,"_wandb":{"runtime":442},"checkpoint_path":"/storage/bln-aq/analysis-modeling/wandb-experiments/wandb-checkpoint-cache/warm-sweep-173_final.pt","R2":-0.13416814804077148,"_timestamp":1.7627409886363044e+09}