{"val_rmse":5.963363170623779,"learning_rate":1.578218052023409e-05,"R2":-0.09751284122467041,"_wandb":{"runtime":1180},"iteration":200,"checkpoint_path":"/storage/bln-aq/analysis-modeling/wandb-experiments/wandb-checkpoint-cache/silvery-sweep-165_final.pt","_runtime":1180,"train_loss":1.6025313039474631,"train_rmse":12.574419021606445,"_step":5,"_timestamp":1.7627359479564033e+09,"RMSE":5.9633630539800455}