{"iteration":200,"train_loss":1.4189768711079258,"checkpoint_path":"/storage/bln-aq/analysis-modeling/wandb-experiments/wandb-checkpoint-cache/snowy-sweep-59_final.pt","_runtime":975,"_step":5,"R2":-0.15072274208068848,"train_rmse":12.669381141662598,"learning_rate":0.008621226944739418,"RMSE":6.106210654999746,"_wandb":{"runtime":975},"_timestamp":1.7626592779459944e+09,"val_rmse":6.106210708618164}