{"R2":0.3182644844055176,"train_rmse":12.003885269165039,"checkpoint_path":"/storage/bln-aq/analysis-modeling/wandb-experiments/wandb-checkpoint-cache/sweet-sweep-31_final.pt","RMSE":4.699962477838607,"iteration":200,"train_loss":1.2859686211295513,"_wandb":{"runtime":1128},"_runtime":1128,"val_rmse":4.699962615966797,"learning_rate":0.004190407972915508,"_timestamp":1.7626371643367355e+09,"_step":5}