{"RMSE":6.061211517897826,"R2":-0.13382494449615479,"learning_rate":0.00018342051444326295,"train_rmse":12.633853912353516,"val_rmse":6.061211585998535,"iteration":200,"checkpoint_path":"/storage/bln-aq/analysis-modeling/wandb-experiments/wandb-checkpoint-cache/rare-sweep-71_final.pt","_wandb":{"runtime":409},"_runtime":409,"train_loss":1.4557806823830541,"_step":5,"_timestamp":1.7626681584303741e+09}