{"RMSE":5.726111837975735,"_timestamp":1.7627323882484312e+09,"val_rmse":5.726111888885498,"train_rmse":12.467811584472656,"R2":-0.011921405792236328,"train_loss":1.393386591581625,"checkpoint_path":"/storage/bln-aq/analysis-modeling/wandb-experiments/wandb-checkpoint-cache/misty-sweep-161_final.pt","_step":5,"learning_rate":0.0007060012945184609,"iteration":200,"_wandb":{"runtime":1205},"_runtime":1205}