{"train_loss":1.4190880580216267,"_wandb":{"runtime":1161},"val_rmse":6.062083721160889,"_timestamp":1.7627256863719726e+09,"_step":5,"train_rmse":12.633514404296875,"learning_rate":6.60700002762978e-05,"checkpoint_path":"/storage/bln-aq/analysis-modeling/wandb-experiments/wandb-checkpoint-cache/brisk-sweep-153_final.pt","R2":-0.13415133953094482,"RMSE":6.062083751113769,"_runtime":1161,"iteration":200}