{"_wandb":{"runtime":602},"_step":5,"R2":-0.13371849060058594,"_timestamp":1.7626452845146658e+09,"val_rmse":6.060926914215088,"iteration":200,"checkpoint_path":"/storage/bln-aq/analysis-modeling/wandb-experiments/wandb-checkpoint-cache/devout-sweep-44_final.pt","_runtime":602,"train_loss":1.4257427649603782,"RMSE":6.0609270395187185,"learning_rate":0.0001397922555100615,"train_rmse":12.633345603942871}