{"_timestamp":1.7626933796496391e+09,"RMSE":6.062341432365726,"_wandb":{"runtime":468},"iteration":200,"_step":5,"R2":-0.1342477798461914,"_runtime":468,"train_rmse":12.633708000183105,"train_loss":1.451848050442014,"checkpoint_path":"/storage/bln-aq/analysis-modeling/wandb-experiments/wandb-checkpoint-cache/trim-sweep-104_final.pt","val_rmse":6.062341213226318,"learning_rate":7.551062009464935e-05}