{"val_rmse":6.060993671417236,"train_loss":1.4191533422060116,"_runtime":455,"learning_rate":0.00040330622289224343,"_step":5,"iteration":200,"checkpoint_path":"/storage/bln-aq/analysis-modeling/wandb-experiments/wandb-checkpoint-cache/glorious-sweep-67_final.pt","_wandb":{"runtime":455},"_timestamp":1.7626656332370446e+09,"train_rmse":12.632699966430664,"RMSE":6.060993754673358,"R2":-0.1337435245513916}