{"val_rmse":6.062076091766357,"train_rmse":12.633509635925293,"_runtime":411,"RMSE":6.062075885213409,"train_loss":1.5940012212266053,"R2":-0.13414835929870605,"_timestamp":1.7627488250306494e+09,"_step":5,"_wandb":{"runtime":411},"learning_rate":1.8665132948256515e-05,"iteration":200,"checkpoint_path":"/storage/bln-aq/analysis-modeling/wandb-experiments/wandb-checkpoint-cache/morning-sweep-186_final.pt"}