{"train_loss":1.4189975217478825,"_runtime":725,"_timestamp":1.7626139615652566e+09,"checkpoint_path":"/storage/bln-aq/analysis-modeling/wandb-experiments/wandb-checkpoint-cache/lyric-sweep-2_final.pt","RMSE":6.0615158068715065,"_step":5,"train_rmse":12.633090019226074,"iteration":200,"_wandb":{"runtime":725},"learning_rate":0.0002671102401502738,"R2":-0.13393878936767578,"val_rmse":6.061515808105469}