{"_step":5,"train_rmse":12.633907318115234,"_timestamp":1.7627536961220107e+09,"checkpoint_path":"/storage/bln-aq/analysis-modeling/wandb-experiments/wandb-checkpoint-cache/wandering-sweep-193_final.pt","learning_rate":0.000370373455031989,"train_loss":1.419212245060045,"val_rmse":6.0626068115234375,"_runtime":415,"iteration":200,"RMSE":6.06260696788686,"_wandb":{"runtime":415},"R2":-0.1343470811843872}