{"_runtime":994,"learning_rate":4.138262481851046e-05,"RMSE":6.065480237095147,"iteration":200,"train_rmse":12.635984420776367,"checkpoint_path":"/storage/bln-aq/analysis-modeling/wandb-experiments/wandb-checkpoint-cache/driven-sweep-90_final.pt","_timestamp":1.7626838235330548e+09,"_step":5,"train_loss":1.4543956148771955,"val_rmse":6.0654802322387695,"_wandb":{"runtime":994},"R2":-0.13542258739471436}