{"checkpoint_path":"/storage/bln-aq/analysis-modeling/wandb-experiments/wandb-checkpoint-cache/efficient-sweep-157_final.pt","RMSE":5.765073176082498,"train_loss":1.3931604813645486,"R2":-0.025738835334777832,"iteration":200,"train_rmse":12.488506317138672,"learning_rate":0.0034392706914649507,"_wandb":{"runtime":1227},"_runtime":1227,"val_rmse":5.765073299407959,"_step":5,"_timestamp":1.762728987534525e+09}