{"_wandb":{"runtime":457},"iteration":200,"train_loss":1.4190342895290837,"val_rmse":6.076584339141846,"RMSE":6.076584333879358,"R2":-0.13958358764648438,"_runtime":457,"learning_rate":0.003123683228000783,"_timestamp":1.762754808574035e+09,"_step":5,"checkpoint_path":"/storage/bln-aq/analysis-modeling/wandb-experiments/wandb-checkpoint-cache/dazzling-sweep-196_final.pt","train_rmse":12.64434814453125}