{"val_rmse":6.0621747970581055,"RMSE":6.062174994812061,"checkpoint_path":"/storage/bln-aq/analysis-modeling/wandb-experiments/wandb-checkpoint-cache/fancy-sweep-93_final.pt","_step":5,"_wandb":{"runtime":1217},"iteration":200,"train_rmse":12.633584022521973,"_timestamp":1.7626861506099682e+09,"_runtime":1217,"train_loss":1.4190247162859682,"learning_rate":0.000852761744330346,"R2":-0.1341855525970459}