{"train_rmse":12.633504867553711,"val_rmse":6.062070369720459,"learning_rate":0.00034136070524603965,"train_loss":1.4192933381955664,"_runtime":434,"_wandb":{"runtime":434},"checkpoint_path":"/storage/bln-aq/analysis-modeling/wandb-experiments/wandb-checkpoint-cache/sage-sweep-61_final.pt","iteration":200,"R2":-0.13414621353149414,"RMSE":6.06207022175883,"_timestamp":1.7626604124913447e+09,"_step":5}