{"train_rmse":12.632940292358398,"iteration":200,"_runtime":607,"_timestamp":1.7626384640263472e+09,"train_loss":1.4189985494483233,"val_rmse":6.061315536499023,"_wandb":{"runtime":607},"RMSE":6.06131536176719,"_step":5,"R2":-0.13386380672454834,"learning_rate":0.0003219660990132571,"checkpoint_path":"/storage/bln-aq/analysis-modeling/wandb-experiments/wandb-checkpoint-cache/stellar-sweep-34_final.pt"}