{"train_rmse":12.631646156311035,"train_loss":1.4190276372699244,"_timestamp":1.7627335858507926e+09,"RMSE":6.059591008350033,"_step":5,"val_rmse":6.059590816497803,"checkpoint_path":"/storage/bln-aq/analysis-modeling/wandb-experiments/wandb-checkpoint-cache/giddy-sweep-163_final.pt","_wandb":{"runtime":464},"R2":-0.13321876525878906,"iteration":200,"learning_rate":0.0007236518619894667,"_runtime":464}